citation_key,authority,earliest_verified_public_evidence,cutoff_status,official_url
khubaib2026romanCorpus,Hugging Face dataset card,pre-cutoff public repository history (March 2026 activity visible),ELIGIBLE,https://huggingface.co/datasets/Khubaib01/RomanUrdu-NLP-Sentiment-Corpus
khan2026instrLLM,ACL Anthology,2026-03,ELIGIBLE,https://aclanthology.org/2026.abjadnlp-1.28/
jamil2026ruab,ACL Anthology,2026-03,ELIGIBLE,https://aclanthology.org/2026.abjadnlp-1.37/
amjad2026romanCodeMix,Journal of Applied Linguistics and TESOL,2026-04-15,ELIGIBLE,https://jaltpk.com/index.php/jalt/article/view/2212
llmCodeMixing2026,arXiv,2026-01-12,ELIGIBLE,https://arxiv.org/abs/2601.07153
romeva2026,arXiv,2026-06-21,ELIGIBLE,https://arxiv.org/abs/2606.22478
tokenCost2026,ACL Anthology proceedings PDF,2026-07-04,ELIGIBLE,https://aclanthology.org/2026.gem-main.54.pdf
ain2026fakeReviews,International Journal of Innovations in Science & Technology,2026-06-14,ELIGIBLE,https://journal.50sea.com/index.php/IJIST/article/view/1905
nazir2026codeMixedReview,Springer Nature,2026-03-04,ELIGIBLE,https://link.springer.com/article/10.1007/s13278-026-01588-2
