citation_key,title,year,publication_type,peer_review_status,task,script_language_scope,dataset_name,dataset_size,provenance,split_information,metric_averaging,code_availability,data_availability,verification_status,inclusion_rationale,correction_retraction_overlap_warning,doi_or_url,integrity_original_vs_derivative,integrity_ru_en_documentation,integrity_duplicate_control,integrity_overlap_evidence,integrity_stable_ids_or_hashes,integrity_annotation_agreement,integrity_exact_split,integrity_metric_averaging,integrity_public_data,integrity_license_ethics
ameer2022emotion,Multi-Label Emotion Classification on Code-Mixed Text: Data and Methods,2022,article,Peer-reviewed journal article,Emotion analysis,Roman Urdu + English code-mixed SMS,Multi-label Emotion SMS,"11,914 SMS messages",Reported primary collection,Train/dev/test split reported,Multi-label classification metrics reported,NR,Dataset described in primary study,"Corpus size, labels, and code-mixed scope verified",Emotion benchmark,Used by WASSA 2023; later shared-task findings were retracted for evaluation error and train/test overlap,10.1109/ACCESS.2022.3143819,Y,Y,P,P,P,Y,Y,Y,Y,P
ameer2023wassaRetracted,Findings of the WASSA 2023 Shared Task on Emotion Classification in Code-Mixed Text,2023,inproceedings,Retracted proceedings paper,Shared-task findings / emotion classification,Urdu-English code-mixed,WASSA 2023 shared-task data,NA,Shared-task evaluation,Compromised by overlap/evaluation-script error,Retracted; excluded from quantitative synthesis,NA,Shared-task data,Official retraction verified,Retained only to document publication/evaluation status,RETRACTED; reported performance is excluded from valid quantitative evidence,10.18653/v1/2023.wassa-1.56,NA,NA,NA,NA,NA,NA,NA,NA,NA,NA
vedula2023wassa,PrecogIIITH@WASSA2023: Emotion Detection for Urdu-English Code-mixed Text,2023,inproceedings,Peer-reviewed conference/workshop paper,Emotion analysis,Roman Urdu + English / code-mixed,Not assessed,Not assessed,Not assessed,Not assessed,Not assessed,Not assessed,Not assessed,Metadata only,Included for emotion analysis,None identified,10.18653/v1/2023.wassa-1.58,NA,NA,NA,NA,NA,NA,NA,NA,NA,NA
rana2022unsupervisedRomanUrdu,An Unsupervised Approach for Sentiment Analysis on Social Media Short Text Classification in Roman Urdu,2022,article,Peer-reviewed journal article,Sentiment analysis,Roman Urdu (Latin); English mixing not quantified,Two public Roman Urdu sentiment evaluation corpora,NR,Reuse of public evaluation corpora,Study-specific,Task-specific sentiment metrics,NR,NR,Method and resource role verified; exact per-corpus sizes not asserted,Included for sentiment analysis,Exact per-corpus counts not used in headline synthesis,10.1145/3474119,NA,NA,NA,NA,NA,NA,NA,NA,NA,NA
younas2020cseSentiment,Sentiment Analysis of Code-Mixed Roman Urdu-English Social Media Text Using Deep Learning Approaches,2020,inproceedings,Peer-reviewed conference/workshop paper,Sentiment analysis,Roman Urdu + English / code-mixed,Code-mixed social-media sentiment corpus,NR,Reported primary collection,Corpus-specific,Sentiment metrics reported within study,NR,NR,DOI and study inclusion verified; corpus size not independently confirmed,Included for sentiment analysis,Exact corpus version and split be reported in reuse,10.1109/CSE50738.2020.00017,NA,NA,NA,NA,NA,NA,NA,NA,NA,NA
rizwan2020ruhsold,Hate-Speech and Offensive Language Detection in Roman Urdu,2020,inproceedings,Peer-reviewed conference/workshop paper,Hate/offensive language,Roman Urdu; English mixing discussed but not quantified,RUHSOLD,"10,012 tweets",Reported primary collection,"Original article prints 7,209/801/2,003 = 10,013, inconsistent with total",Task-specific F1 and accuracy,Repository available; correspondence with the cited study version not established,Public versions exist; correspondence with the cited study version not established,Partially verified due split inconsistency,Core Roman Urdu hate/offensive benchmark,Printed split inconsistency; later implementations use alternate splits,10.18653/v1/2020.emnlp-main.197,Y,P,NR,NR,P,Y,P,Y,Y,P
khan2021hsru20,Hate Speech Detection in Roman Urdu,2021,article,Peer-reviewed journal article,Hate/offensive/abusive language,Roman Urdu (Latin); English mixing not quantified,HS-RU-20,"5,000 tweets",Reported primary collection,Hierarchy and study split reported by source,Task-specific classification metrics,NR,NR,Dataset identity and label hierarchy retained from primary study,Included for hate/offensive/abusive language,Frequently reused benchmark; split and class-distribution differences affect comparisons,10.1145/3414524,Y,P,NR,NR,P,Y,P,P,P,P
bilal2023transformerHate,Roman Urdu Hate Speech Detection Using Transformer-Based Model for Cyber Security Applications,2023,article,Peer-reviewed journal article,Hate/offensive/abusive language,Roman Urdu (Latin); English mixing not quantified,HS-RU-20,"5,000 tweets",Reuse of HS-RU-20,Study-specific partition,Classification metrics reported,NR,NR,"Task, model family, and benchmark checked",Transformer hate-speech study,Within-study evidence only,10.3390/s23083909,NA,NA,NA,NA,NA,NA,NA,NA,NA,NA
bilal2024hybrid,Roman Urdu Hate Speech Detection Using Hybrid Machine Learning Models and Hyperparameter Optimization,2024,article,Peer-reviewed journal article,Hate/offensive/abusive language,Roman Urdu (Latin); English mixing not quantified,HS-RU-20; RUHSOLD,"5,000 tweets; 10,012 tweets",Reuse of published benchmarks,Study-specific benchmark partitions,Accuracy and F1 reported,NR,NR,RUHSOLD hybrid-model values verified in S2,Hybrid hate-speech study,Within-study evidence only,10.1038/s41598-024-79106-7,NA,NA,NA,NA,NA,NA,NA,NA,NA,NA
devzohaib2023,Roman Urdu Hate-Speech Dataset,2023,misc,Repository; not peer reviewed,Hate/offensive language resource,Roman Urdu + English (Latin),DevZohaib repository dataset,Unresolved,Repository with unresolved relationship to published corpora,Unresolved,NA,Repository,Repository,Unverified provenance,Contextual repository evidence only,Possible mirror/derivative; excluded from quantitative synthesis,NA,NA,NA,NA,NA,NA,NA,NA,NA,NA,NA
roman_urdu_sentiment2025,roman-urdu-sentiment-xlm-r: Roman Urdu Sentiment Analysis Model (xlm-roberta-base),2025,misc,Model or dataset card; not peer reviewed,Sentiment analysis,Roman Urdu (Latin); model-card scope,Not assessed,Not assessed,Not assessed,Not assessed,Not assessed,Not assessed,Not assessed,Current Hugging Face model card and DOI confirmed 7 Oct 2026,Included for sentiment analysis,None identified,10.57967/hf/7130,NA,NA,NA,NA,NA,NA,NA,NA,NA,NA
khubaib2025dataset,roman-urdu-sentiment-embeddings: Roman Urdu Sentiment Embeddings,2025,misc,Repository or resource record; not peer reviewed,Sentiment analysis,Roman Urdu (Latin); resource scope,Not assessed,Not assessed,Not assessed,Not assessed,Not assessed,Not assessed,Not assessed,Current Hugging Face dataset card and DOI confirmed 7 Oct 2026,Included for sentiment analysis,None identified,10.57967/hf/7371,NA,NA,NA,NA,NA,NA,NA,NA,NA,NA
khubaib2026romanCorpus,RomanUrdu-NLP-Sentiment-Corpus: A Large-Scale Roman Urdu Sentiment Dataset,2026,misc,Dataset card; not peer reviewed,Sentiment analysis,Roman Urdu (Latin); corpus scope,Not assessed,Not assessed,Not assessed,Not assessed,Not assessed,Not assessed,Not assessed,Current Hugging Face dataset card and DOI confirmed 7 Oct 2026,Included for sentiment analysis,None identified,10.57967/hf/7931,NA,NA,NA,NA,NA,NA,NA,NA,NA,NA
tahamueed2025xlmr,urdu-roman-urdu-sentiment: XLM-RoBERTa Sentiment Model,2025,misc,Model or dataset card; not peer reviewed,Sentiment analysis,Urdu + Roman Urdu / cross-script,Not assessed,Not assessed,Not assessed,Not assessed,Not assessed,Not assessed,Not assessed,Previously verified model-card metadata; exact cited Hugging Face path could not be re-fetched on 7 Oct 2026 and the account now exposes differently named Roman-Urdu sentiment models,Included for sentiment analysis,Live resource path/status unresolved; do not substitute a different current model for the cited 2025 card,NA,NA,NA,NA,NA,NA,NA,NA,NA,NA,NA
muysken2000,Bilingual Speech: A Typology of Code-Mixing,2000,book,Scholarly book,Code-mixing analysis,General code-mixing / theory,NA,NA,NA,NA,NA,NA,NA,Metadata only,Included for code-mixing analysis,None identified,NA,NA,NA,NA,NA,NA,NA,NA,NA,NA,NA
myersScotton1993,Duelling Languages: Grammatical Structure in Code-Switching,1993,book,Scholarly book,Code-mixing analysis,General code-mixing / theory,NA,NA,NA,NA,NA,NA,NA,Metadata only,Included for code-mixing analysis,None identified,NA,NA,NA,NA,NA,NA,NA,NA,NA,NA,NA
zain2025ruold,"RU-OLD: A Comprehensive Analysis of Offensive Language Detection in Roman Urdu Using Hybrid Machine Learning, Deep Learning, and Transformer Models",2025,article,Peer-reviewed journal article,Hate/offensive/abusive language,Roman Urdu (Latin); English mixing not quantified,RU-OLD,"46,025 comments; 24,026 offensive; 21,999 non-offensive",Reported primary collection,Exact split ratio not explicitly reported,F1 averaging scheme not specified; accuracy also reported,NR,NR,Dataset size/labels verified; F1 averaging only partially verified,Included for hate/offensive/abusive language,Article describes dataset as balanced despite unequal reported class counts; exact split ratio not explicit,10.3390/a18070396,Y,P,NR,NR,P,Y,NR,P,P,P
ayesha2025offensive,Multi-Class Offensive Language Detection in Roman Urdu,2025,article,Peer-reviewed journal article,Hate/offensive/abusive language,Roman Urdu (Latin); RUHSOLD reuse,RUHSOLD,"10,012 tweets",Reuse of existing RUHSOLD benchmark,Corpus-specific,Study-specific classification metrics,NR,NR,Reuse classification verified,Included for hate/offensive/abusive language,RUHSOLD reuse; source spells the dataset name RUSHOLD; not an independent corpus,10.21015/vtse.v13i4.2251,NA,NA,NA,NA,NA,NA,NA,NA,NA,NA
hussain2025surveyUrduHate,"A Comprehensive Survey on Urdu Hate Speech Detection: Methods, Evaluation, and Challenges",2025,article,Peer-reviewed journal article,Review / survey,Urdu and Roman Urdu hate-speech literature,NA,NA,NA,NA,NA,NA,NA,Review scope verified,Included for review / survey,None identified,10.1109/ACCESS.2025.3591143,NA,NA,NA,NA,NA,NA,NA,NA,NA,NA
rajput2025abusiveYoutube,Detection of Abusive Language for YouTube Comments in Urdu and Roman Urdu Using CLSTM Model,2025,article,Peer-reviewed journal article,Hate/offensive/abusive language,Urdu + Roman Urdu / cross-script,Not assessed,Not assessed,Not assessed,Not assessed,Not assessed,Not assessed,Not assessed,Metadata only,Included for hate/offensive/abusive language,None identified,10.1016/j.procs.2025.03.214,NA,NA,NA,NA,NA,NA,NA,NA,NA,NA
butt2025romanIR,Roman Urdu as a Low-Resource Language: Building the First IR Dataset and Baseline,2025,inproceedings,Peer-reviewed conference/workshop paper,Information retrieval,Roman Urdu derived by translation/transliteration,Roman Urdu IR / MS MARCO-derived,">8.8M passages; >500k queries; 6,980 evaluation queries",Derivative from MS MARCO via translation/transliteration,Train/dev/test reported by study,"MRR@10, Recall@10",NR,NR,Primary workshop paper verified for headline resource description,First large-scale Roman Urdu IR evidence in reviewed set,Derivative rather than spontaneous Roman Urdu query collection,10.26615/978-954-452-100-4-009,N,NA,P,P,P,Y,Y,Y,P,P
ahmad2025hopeSpeech,Hope Speech Detection in Code-Mixed Roman Urdu Tweets,2025,misc,Preprint; not peer reviewed,Hope-speech detection,Code-mixed Roman Urdu tweets,Study corpus,NR,Preprint-reported,NR,Not included in headline synthesis,NR,NR,Publication status verified; current arXiv preprint record rechecked 7 Oct 2026; quantitative use restricted,Contextual preprint evidence,Non-peer-reviewed preprint,https://arxiv.org/abs/2506.21583,NA,NA,NA,NA,NA,NA,NA,NA,NA,NA
hussain2025qlora,Fine-Tuning Large Language Models with QLoRA for Offensive Language Detection in Roman Urdu--English Code-Mixed Text,2025,misc,Preprint; not peer reviewed,Hate/offensive/abusive language,Roman Urdu + English / code-mixed,Not assessed,Not assessed,Not assessed,Not assessed,Not assessed,Not assessed,Not assessed,QLoRA results verified in S2; current arXiv/CoRR preprint status confirmed 7 Oct 2026,Included for hate/offensive/abusive language,None identified,https://arxiv.org/abs/2510.03683,NA,NA,NA,NA,NA,NA,NA,NA,NA,NA
khan2026instrLLM,Enhancing Urdu Sentiment Classification through Instruction-Tuned LLMs and Cross-Lingual Transfer,2026,inproceedings,Peer-reviewed conference/workshop paper,Sentiment analysis,Arabic-script Urdu / auxiliary,Not assessed,Not assessed,Not assessed,Not assessed,Not assessed,Not assessed,Not assessed,Metadata only,Included for sentiment analysis,None identified,10.18653/v1/2026.abjadnlp-1.28,NA,NA,NA,NA,NA,NA,NA,NA,NA,NA
jamil2026ruab,"Code-Switching as a Safety Failure Mode in Large Language Models: An Empirical Study of Roman Urdu across English, Mixed, and Transliteration-Only Inputs",2026,inproceedings,Peer-reviewed conference/workshop paper,Transliteration,"English, Roman Urdu, mixed, and transliteration-only inputs",RUAB,Not assessed,Direct Roman Urdu/code-switched safety benchmark,Study-specific,Safety/refusal metrics; not classification F1,NR,NR,Benchmark task and scope verified from proceedings record,Included for transliteration,Safety conclusions apply to evaluated models and prompts only,10.18653/v1/2026.abjadnlp-1.37,NA,NA,NA,NA,NA,NA,NA,NA,NA,NA
amjad2026romanCodeMix,Roman Urdu and Code-Mixed Language Processing for Social Media Analytics in Pakistan,2026,article,Peer-reviewed journal article,Code-mixing analysis,Roman Urdu and code-mixed social-media text,NA,NA,NA,NA,NA,NA,NA,Metadata only,Included for code-mixing analysis,None identified,10.63878/jalt2212,NA,NA,NA,NA,NA,NA,NA,NA,NA,NA
nguyen2025codeswitch,Can We Train ASR Systems on Code-Switch without Real Code-Switch Data? Case Study for Singapore's Languages,2025,inproceedings,Peer-reviewed conference/workshop paper,Code-mixing analysis,Code-switched Singaporean speech; methodological context,NA,NA,NA,NA,NA,NA,NA,Metadata only,Included for code-mixing analysis,None identified,10.21437/Interspeech.2025-654,NA,NA,NA,NA,NA,NA,NA,NA,NA,NA
llmCodeMixing2026,"Can Large Language Models Understand, Reason About, and Generate Code-Switched Text?",2026,misc,Preprint; not peer reviewed,Code-mixing analysis,Multilingual code-switched text; methodological context,NA,NA,NA,NA,NA,NA,NA,Current arXiv preprint status confirmed 7 Oct 2026,Included for code-mixing analysis,None identified,https://arxiv.org/abs/2601.07153,NA,NA,NA,NA,NA,NA,NA,NA,NA,NA
mehmood2024passionnet,"Passion-Net: A Robust, Precise and Explainable Predictor for Hate Speech Detection in Roman Urdu Text",2024,article,Peer-reviewed journal article,Hate/offensive/abusive language,Roman Urdu (Latin),Not assessed,Not assessed,Not assessed,Not assessed,Not assessed,Not assessed,Not assessed,Metadata only,Included for hate/offensive/abusive language,None identified,10.1007/s00521-023-09169-6,NA,NA,NA,NA,NA,NA,NA,NA,NA,NA
dataset2025codemixed,Dataset for Sentiment Analysis in Code-Mixed Language,2025,misc,Repository or resource record; not peer reviewed,Sentiment analysis,Code-mixed language resource; Roman Urdu relevance recorded,Not assessed,Not assessed,Not assessed,Not assessed,Not assessed,Not assessed,Not assessed,Metadata only,Included for sentiment analysis,None identified,10.17632/xxprggbztd.1,NA,NA,NA,NA,NA,NA,NA,NA,NA,NA
muhammad2023innovations,Innovations in Urdu Sentiment Analysis Using Machine Learning and Deep Learning,2023,article,Peer-reviewed journal article,Sentiment analysis,Arabic-script Urdu / auxiliary,Not assessed,Not assessed,Not assessed,Not assessed,Not assessed,Not assessed,Not assessed,Metadata only,Included for sentiment analysis,None identified,10.3390/sym15051027,NA,NA,NA,NA,NA,NA,NA,NA,NA,NA
kandhro2020headline,"Roman Urdu Headline News Text Classification Using RNN, LSTM and CNN",2020,article,Peer-reviewed journal article,Topic/text classification,Roman Urdu (Latin),Not assessed,Not assessed,Not assessed,Not assessed,Not assessed,Not assessed,Not assessed,Metadata only,Included for topic/text classification,None identified,10.1142/S2424922X20500084,NA,NA,NA,NA,NA,NA,NA,NA,NA,NA
ilyas2023emotionRUEN,Emotion Detection in Code-Mixed Roman Urdu--English Text,2023,article,Peer-reviewed journal article,Emotion analysis,Roman Urdu + English / code-mixed,RU-EN Emotion Corpus,"20,000 sentences",Reported primary collection,Paper-specific train/dev/test,Task-specific emotion metrics,NR,NR,Corpus size and task structure recorded from primary article,Included for emotion analysis,Two-level label structure reported,10.1145/3552515,NA,NA,NA,NA,NA,NA,NA,NA,NA,NA
jawad2024RUSAS,RUSAS: Roman Urdu Sentiment Analysis System Using Hybrid Deep Learning,2024,article,Peer-reviewed journal article,Sentiment analysis,Roman Urdu (Latin),RUSAS sentiment corpus,"37,094 sentences",Reported primary corpus,Study-specific,Accuracy reported for language identification and sentiment classification,NR,NR,Headline corpus size and accuracy claims verified,Included for sentiment analysis,Within-study results only,10.32604/cmc.2024.047466,NA,NA,NA,NA,NA,NA,NA,NA,NA,NA
normalization2024,A Dataset of Roman Urdu Text with Spelling Variations for Sentence Level Sentiment Analysis,2024,article,Peer-reviewed journal article,Sentiment analysis,Roman Urdu (Latin); spelling-variation resource,Roman Urdu normalization and sentiment dataset,"5,244 normalized words; 28,090 sentiment reviews",Reported resource collection,NR,NA for normalization resource; sentiment metrics study-specific,NR,NR,Resource sizes retained from primary data article,Included for sentiment analysis,Normalization resource and sentiment corpus serve different analytic purposes,10.1016/j.dib.2024.111170,NA,NA,NA,NA,NA,NA,NA,NA,NA,NA
erupd2024,ERUPD: English to Roman Urdu Parallel Dataset,2024,misc,Preprint; not peer reviewed,Parallel corpus / translation,English + Roman Urdu,ERUPD,"75,146 sentence pairs",Parallel corpus,NR,NA,NR,NR,Source metadata/claims recorded,Cross-lingual/translation resource,Parallel data are not equivalent to spontaneous code-mixed text,https://arxiv.org/abs/2412.17562,Y,Y,NR,NR,P,P,P,NA,P,P
dataBrief2024,"Dataset Construction to Detect Human Behavior with the Help of Emotions, Sentiments and Mood for Roman Urdu",2024,article,Peer-reviewed journal article,Sentiment analysis,Roman Urdu (Latin),Not assessed,Not assessed,Not assessed,Not assessed,Not assessed,Not assessed,Not assessed,Metadata only,Included for sentiment analysis,None identified,10.1016/j.dib.2023.109906,NA,NA,NA,NA,NA,NA,NA,NA,NA,NA
translit2025urduRoman,Low-Resource Transliteration for Roman-Urdu and Urdu Using Transformer-Based Models,2025,inproceedings,Peer-reviewed conference/workshop paper,Transliteration,Roman Urdu (Latin) and Urdu (Arabic script),Not assessed,Not assessed,Not assessed,Not assessed,Not assessed,Not assessed,Not assessed,Metadata only,Included for transliteration,None identified,10.18653/v1/2025.loresmt-1.13,NA,NA,NA,NA,NA,NA,NA,NA,NA,NA
transgender2025roman,Slur and Emoji Aware Models for Hate and Sentiment Detection in Roman Urdu Transgender Discourse,2025,inproceedings,Peer-reviewed conference/workshop paper,Sentiment and negativity-type classification,Roman Urdu + emoji; English proportion not reported,Transgender discourse dataset,"3,160 comments",Reported primary collection,Corpus-specific,Weighted F1 explicitly reported for key configurations,NR,NR,Verified key metrics and annotation description,Slur/emoji-aware Roman Urdu social-media evidence,Model-assisted labels; agreement description has limitations,10.26615/978-954-452-100-4-014,Y,P,NR,NR,P,P,P,Y,P,P
rubert2021,RUBERT: A Bilingual Roman Urdu BERT Using Cross Lingual Transfer Learning,2021,misc,Preprint; not peer reviewed,Language-model adaptation / pretraining,Roman Urdu (Latin); cross-lingual transfer,Not assessed,Not assessed,Not assessed,Not assessed,Not assessed,Not assessed,Not assessed,Metadata only,Included for language-model adaptation / pretraining,None identified,https://arxiv.org/abs/2102.11278,NA,NA,NA,NA,NA,NA,NA,NA,NA,NA
romeva2026,ROMEVA: Geometry-Preserving Vocabulary Expansion for Roman Urdu Language Models,2026,misc,Preprint; not peer reviewed,Language-model adaptation / pretraining,Roman Urdu (Latin),Not assessed,Not assessed,Not assessed,Not assessed,Not assessed,Not assessed,Not assessed,"Official arXiv record verified 7 Oct 2026; v1 submitted 21 Jun 2026; preprint, not an ACL workshop paper",Included for language-model adaptation / pretraining,Reviewer-proposed ACL ID 2025.americasnlp-1.2 resolves to an unrelated Choctaw dialogue-system paper; ROMEVA retained as arXiv 2606.22478,https://arxiv.org/abs/2606.22478,NA,NA,NA,NA,NA,NA,NA,NA,NA,NA
tokenCost2026,Token Cost Inequality: Measuring Tokenization Disparities Across Scripts in Roman Urdu and Urdu,2026,inproceedings,Peer-reviewed conference/workshop paper,Tokenization analysis,Roman Urdu (Latin) and Urdu (Arabic script),Roman-Urdu-Parl; OPUS100 English-Urdu; Dakshina Urdu,"Full resources: 3,981,709 sentence pairs; 724,153 sentence pairs; 101,235 lexical pairs; 10,000 sampled from each",Existing aligned resources reused for controlled tokenization analysis,"Uniform 10,000-example sample per resource; not a train/test evaluation split",TCI; tokens per word; character retention under fixed token budgets; cost multipliers,Not assessed,Underlying resources identified in the paper,Verified from GEM 2026 proceedings PDF dated 4 Jul 2026,Included for tokenization analysis,Proceedings PDF dated 4 Jul 2026; used as earliest verifiable public version for the 15 Jul 2026 cutoff,10.18653/v1/2026.gem-main.54,N,Y,NR,NR,Y,NA,NA,NA,P,P
gamback2016cmi,Comparing the Level of Code-Switching in Corpora,2016,inproceedings,Peer-reviewed conference/workshop paper,Code-mixing analysis,General code-mixing / theory,NA,NA,NA,NA,NA,NA,NA,Metadata only,Included for code-mixing analysis,None identified,https://aclanthology.org/L16-1292/,NA,NA,NA,NA,NA,NA,NA,NA,NA,NA
srivastava2021metrics,Challenges and Limitations with the Metrics Measuring the Complexity of Code-Mixing,2021,inproceedings,Peer-reviewed conference/workshop paper,Code-mixing analysis,General code-mixing / theory,NA,NA,NA,NA,NA,NA,NA,Metadata only,Included for code-mixing analysis,None identified,https://aclanthology.org/2021.calcs-1.2/,NA,NA,NA,NA,NA,NA,NA,NA,NA,NA
daud2017urduSurvey,Urdu Language Processing: A Survey,2017,article,Peer-reviewed journal article,Review / survey,Urdu-focused review; Roman Urdu related scope,NA,NA,NA,NA,NA,NA,NA,Review scope verified,Included for review / survey,None identified,10.1007/s10462-016-9482-x,NA,NA,NA,NA,NA,NA,NA,NA,NA,NA
lal2020urduReview,A Systematic Study of Urdu Language Processing its Tools and Techniques: A Review,2020,article,Peer-reviewed journal article,Review / survey,Urdu and Roman Urdu review,NA,NA,NA,NA,NA,NA,NA,Review scope verified,Included for review / survey,None identified,https://www.ijert.org/a-systematic-study-of-urdu-language-processing-its-tools-and-techniques-a-review,NA,NA,NA,NA,NA,NA,NA,NA,NA,NA
khan2022urduSentimentReview,A Review of Urdu Sentiment Analysis with Multilingual Perspective: A Case of Urdu and Roman Urdu Language,2022,article,Peer-reviewed journal article,Review / survey,Urdu + Roman Urdu / cross-script,NA,NA,NA,NA,NA,NA,NA,Review scope verified,Included for review / survey,None identified,10.3390/computers11010003,NA,NA,NA,NA,NA,NA,NA,NA,NA,NA
nadeem2022romanNER,Sequence-driven Neural Network Models for NER Tagging in Roman Urdu,2022,inproceedings,Peer-reviewed conference/workshop paper,Named-entity recognition,Roman Urdu (Latin),NR,NR,Dataset construction/evaluation reported by study,NR,NR,NR,NR,Publication metadata and NER task checked,Roman Urdu NER evidence,None identified,10.1109/FIT57066.2022.00040,NA,NA,NA,NA,NA,NA,NA,NA,NA,NA
haq2025romanNER,Towards Roman Urdu Named Entity Recognition: Standardized Dataset and Transformer-Based Approaches,2025,inproceedings,Peer-reviewed conference/workshop paper,Named-entity recognition,Roman Urdu (Latin); re-annotated/reused NER material,NR,NR,Re-annotation/reuse of existing Roman Urdu NER material,NR,NR,NR,NR,Publication metadata and stated re-annotation checked,Roman Urdu NER evidence,Derivative/re-annotated resource; not classified as a new original collection,10.1109/IJCNN64981.2025.11229319,NA,NA,NA,NA,NA,NA,NA,NA,NA,NA
laeeq2022romanPOS,Hybrid Deep Learning Based POS Tagger for Roman Urdu,2022,inproceedings,Peer-reviewed conference/workshop paper,Part-of-speech tagging,Roman Urdu (Latin),Not assessed,Not assessed,Not assessed,Not assessed,Not assessed,Not assessed,Not assessed,Metadata only,Included for part-of-speech tagging,None identified,10.1109/INMIC56986.2022.9972913,NA,NA,NA,NA,NA,NA,NA,NA,NA,NA
faheem2025romanPOS,Part of Speech (POS) Tagging in Roman Urdu: Datasets and Models,2025,article,Peer-reviewed journal article,Part-of-speech tagging,Roman Urdu (Latin),Not assessed,Not assessed,Not assessed,Not assessed,Not assessed,Not assessed,Not assessed,Metadata only,Included for part-of-speech tagging,None identified,10.1007/s10579-025-09865-w,NA,NA,NA,NA,NA,NA,NA,NA,NA,NA
ain2026fakeReviews,Detecting Fake Reviews in Roman Urdu Using Transformer Based Language Models,2026,article,Peer-reviewed journal article,Fake-review detection,Roman Urdu; English mixing discussed but not quantified,RU-FRDC,"5,026; 3,602 real; 1,424 fake",Reported primary collection,"2,947/328/1,751 after duplicate removal",Study-specific classification metrics,NR,Article describes dataset; availability per source,Verified primary publisher record,Leakage-aware Roman Urdu fake-review benchmark,Duplicate removal and disjoint splits reported,10.33411/IJIST/1905,Y,P,Y,Y,P,Y,Y,P,P,P
aqeel2025topic,Improving Roman Urdu Topic Classification through Custom Stemming and an SGD-Optimized Machine Learning Pipeline,2025,article,Peer-reviewed journal article,Topic/text classification,Roman Urdu (Latin),Not assessed,Not assessed,Not assessed,Not assessed,Not assessed,Not assessed,Not assessed,Metadata only,Included for topic/text classification,None identified,10.53560/PPASA(62-4)845,NA,NA,NA,NA,NA,NA,NA,NA,NA,NA
mehmood2019romanSentiment,Sentiment Analysis for a Resource Poor Language---Roman Urdu,2019,article,Peer-reviewed journal article,Sentiment analysis; corpus construction,Roman Urdu (Latin); English mixing not quantified,"RUSAD / 11,000-review corpus","11,000 reviews; six domains",Reported primary collection,No canonical split in dataset record,Study-specific classification metrics; no cross-study use,NR,Public UCI dataset; DOI 10.24432/C59046,Verified primary/official records,Foundational Roman Urdu sentiment corpus and multi-annotator study,No canonical split; code-mixing proportion is not established,10.1145/3329709,Y,P,NR,NR,Y,Y,NR,P,Y,Y
ghulam2019deepSentiment,Deep Learning-Based Sentiment Analysis for Roman Urdu Text,2019,article,Peer-reviewed journal article,Sentiment analysis,Roman Urdu (Latin),Roman Urdu sentiment corpus used by study,Not separately re-verified in S2,Study corpus / existing resource,Study-specific,F1 and accuracy reported within study,NR,NR,Primary publication metadata/full text checked,Early LSTM-based Roman Urdu sentiment evidence,Within-study metrics only,10.1016/j.procs.2019.01.202,NA,NA,NA,NA,NA,NA,NA,NA,NA,NA
mahmood2020deepSentiments,Deep Sentiments in Roman Urdu Text Using Recurrent Convolutional Neural Network Model,2020,article,Peer-reviewed journal article,Sentiment analysis; corpus construction,Roman Urdu (Latin),RCNN Roman Urdu sentiment corpus,"10,021 sentences from 566 threads",Reported primary collection,Study-specific binary and three-class evaluations,Accuracy; annotation kappa 0.557; other metrics study-specific,NR,NR,Verified primary publisher record,Foundational annotated corpus and RCNN evaluation,Do not compare binary/three-class metrics directly with other datasets,10.1016/j.ipm.2020.102233,Y,P,NR,NR,P,Y,P,P,P,P
hassan2021romanNLU,Natural Language Understanding of Map Navigation Queries in Roman Urdu by Joint Entity and Intent Determination,2021,article,Peer-reviewed journal article,Joint intent determination and slot tagging,Roman Urdu navigation utterances (Latin),Roman Urdu navigation utterances dataset,Size not asserted in this matrix; 21 intents; 29 slot labels,Reported primary collection,Training/testing/validation files supplied,F1 for intent and slot tagging,Public GitHub and PeerJ supplement,PeerJ supplementary dataset,Verified primary PeerJ full text,Direct Roman Urdu task-oriented NLU and sequence-labeling evidence,Student-sampled navigation domain; lexical normalization applied,10.7717/peerj-cs.615,Y,P,NR,NR,Y,Y,Y,Y,Y,Y
liaqat2022peerjUrduSentimentReview,"Sentiment Analysis Techniques, Challenges, and Opportunities: Urdu Language-Based Analytical Study",2022,article,Peer-reviewed journal article,Systematic review of Urdu sentiment analysis,Urdu; Roman Urdu issues included within sentiment scope,NA,40 included articles,NA,NA,NA,NA,NA,Verified primary PeerJ full text,Closest competing review in target journal; novelty comparison,Task-specific to sentiment; not a Roman Urdu-wide review,10.7717/peerj-cs.1032,NA,NA,NA,NA,NA,NA,NA,NA,NA,NA
chandio2022ruBiLSTM,Attention-Based RU-BiLSTM Sentiment Analysis Model for Roman Urdu,2022,article,Peer-reviewed journal article,Sentiment analysis; corpus construction,Roman Urdu (Latin),RUECD,"26,824 reviews; 9,833 positive; 8,252 negative; 8,739 neutral",Reported primary collection,Random train/test partition; exact reproducibility depends on partition/seed,"Precision, recall, F1, and accuracy; averaging scheme not checked",Public code linked by article,Public RUECD file linked by article,Verified primary publisher full text,Major Roman Urdu sentiment dataset and attention-BiLSTM evaluation,Random split reported; exact seed/partition affects reproducibility,10.3390/app12073641,Y,P,NR,NR,P,Y,P,P,Y,P
azhar2022distilbert,Roman Urdu Sentiment Analysis Using Pre-trained DistilBERT and XLNet,2022,inproceedings,Peer-reviewed conference/workshop paper,Sentiment analysis,Roman Urdu (Latin),Roman Urdu sentiment dataset (study-specific),Not re-verified,Existing/used dataset,Not re-verified,Accuracy reported by source; not used in headline synthesis,NR,NR,Metadata/abstract confirmed,Transformer-era DistilBERT/XLNet Roman Urdu sentiment evidence,Detailed experimental conditions not independently reconstructed,10.1109/WiDS-PSU54548.2022.00027,NA,NA,NA,NA,NA,NA,NA,NA,NA,NA
li2022romanTransfer,Roman Urdu Sentiment Analysis Using Transfer Learning,2022,article,Peer-reviewed journal article,Sentiment analysis; transfer learning,Roman Urdu (Latin),"RUSA-19, RUDS, RUR, DRU, RUSAD",Multiple public datasets,Reuse of multiple public resources,Study-specific across datasets,Study-specific classification metrics,NR,Uses public datasets,Verified primary publisher full text,Cross-resource transfer-learning evidence,Not a new corpus; cross-dataset protocols differ,10.3390/app122010344,NA,NA,NA,NA,NA,NA,NA,NA,NA,NA
maqbool2025romanChatbot,A Sentence-Level Encoder--Decoder Architecture for Designing an Administrative Roman Urdu Chatbot,2025,article,Peer-reviewed journal article,Dialogue / response generation,English and Roman Urdu; Roman Urdu translated/rewritten from collected English queries,UET administrative chatbot queries,"1,500 English + 1,500 Roman Urdu questions",English primary collection; Roman Urdu derivative translation/variant writing,80/10/10 reported,Human-judgment evaluation; training/validation loss,Colab links reported,Kaggle dataset reported,Verified primary Wiley full text,Roman Urdu response-generation/dialogue evidence recovered by expanded search,Roman Urdu side is derivative; not spontaneous independent collection,10.1155/acis/4728280,NA,NA,NA,NA,NA,NA,NA,NA,NA,NA
sharf2017romanDataset,Roman Urdu Data Set,2017,misc,Repository dataset record; not a peer-reviewed article,Sentiment classification / dataset resource,Roman Urdu (Latin script),Roman Urdu Data Set,"20,000 records",Public UCI dataset record; original collection details are limited in the repository metadata,No canonical split reported in the UCI record,NA,NA,Public from UCI Machine Learning Repository,Official dataset metadata verified,Early openly licensed Roman Urdu sentiment resource within review scope,No overlap analysis reported in the repository record,10.24432/C58325,Y,P,NR,NR,Y,P,NR,NA,Y,Y
kaleem2024ruats,RUATS: Abstractive Text Summarization for Roman Urdu,2024,inproceedings,Peer-reviewed conference/workshop paper,Abstractive text summarization,Roman Urdu (Latin script),NR in this evidence matrix,NR in checked metadata,Peer-reviewed DAS 2024 publication; detailed dataset provenance not independently extracted for S3,NR in checked metadata,NA / task uses summarization metrics rather than classification averaging,NR in checked metadata,NR in checked metadata,Bibliographic metadata and task scope verified; quantitative claims not extracted,Direct Roman Urdu abstractive-summarization study within the stated broad NLP scope,No quantitative result from this study is used in the headline performance synthesis,10.1007/978-3-031-70442-0_16,NR,Y,NR,NR,Y,NR,NR,NA,NR,NR
nazir2026codeMixedReview,"Sentiment Analysis for Code-Mixed Low-Resource Languages: A Systematic Review of Approaches, Techniques, Applications, Challenges, and Future Directions",2026,article,Peer-reviewed journal review,Systematic review of code-mixed low-resource sentiment analysis,Multiple code-mixed low-resource languages; includes Roman Urdu,NA,Studies published 2017--2025,NA,NA,NA,NA,NA,Publisher record and review scope checked,Competing pre-cutoff systematic review,Sentiment-specific multilingual review; not a Roman Urdu-wide review,10.1007/s13278-026-01588-2,NA,NA,NA,NA,NA,NA,NA,NA,NA,NA
khan2025augmentation,Enhancing Sentiment Analysis of Roman Urdu Using Augmentation Techniques and Deep Learning Models,2025,article,Peer-reviewed journal article,Roman Urdu sentiment classification; data augmentation,Roman Urdu (Latin); code-mixing mentioned in study,Roman Urdu sentiment dataset,"11,299 rows; 6,013 positive; 5,286 negative",Reported primary collection from online sources,70/15/15 train/validation/test,"Accuracy, precision, recall, and F1 reported",Public GitHub repository,Dataset file in public GitHub repository,Publisher record and public repository checked,Pre-cutoff sentiment augmentation study,Duplicate removal reported during preprocessing,10.62762/TACS.2025.190575,Y,P,Y,NR,NR,NR,Y,P,NR,Y
saeed2021romanToxic,Roman Urdu Toxic Comment Classification,2021,article,Peer-reviewed journal article,Toxic-comment classification,Roman Urdu (Latin); English mixing not quantified in the publisher abstract,RUT (Roman Urdu Toxic),">72,000 comments",Reported primary social-media collection,Not assessed,Not assessed,Not assessed,GitHub resource linked from the publisher article page,Publisher metadata and abstract checked,Foundational Roman Urdu toxic-comment corpus,None identified,10.1007/s10579-021-09530-y,Y,P,NR,NR,Y,Y,NR,NR,Y,NR
